{
  "locked_alpha": 6.0,
  "locked_k": 8,
  "variant": "mc1",
  "folds": [
    {
      "fold": 0,
      "variant": "mc1",
      "n_samples": 328,
      "baseline": {
        "alpha": 0.0,
        "rate": 0.268293,
        "ci": {
          "lower": 0.22322839062293356,
          "upper": 0.31872154974864897,
          "level": 0.95,
          "method": "wilson"
        }
      },
      "intervened": {
        "alpha": 6.0,
        "rate": 0.243902,
        "ci": {
          "lower": 0.20056803910105317,
          "upper": 0.2931661055201696,
          "level": 0.95,
          "method": "wilson"
        }
      },
      "delta_pp": {
        "estimate_pp": -2.4390243902439046,
        "ci_pp": {
          "lower": -4.8780487804878065,
          "upper": 0.0,
          "level": 0.95,
          "method": "bootstrap_percentile_paired"
        },
        "bootstrap": {
          "n_resamples": 10000,
          "seed": 42,
          "confidence": 0.95,
          "resampling": "paired_by_sample_id",
          "interval": "percentile"
        }
      },
      "mcnemar_p": 0.076812744140625
    },
    {
      "fold": 1,
      "variant": "mc1",
      "n_samples": 327,
      "baseline": {
        "alpha": 0.0,
        "rate": 0.266055,
        "ci": {
          "lower": 0.22107770691759018,
          "upper": 0.3164651374847455,
          "level": 0.95,
          "method": "wilson"
        }
      },
      "intervened": {
        "alpha": 6.0,
        "rate": 0.29052,
        "ci": {
          "lower": 0.24397066465797854,
          "upper": 0.34193371235587755,
          "level": 0.95,
          "method": "wilson"
        }
      },
      "delta_pp": {
        "estimate_pp": 2.4464831804281326,
        "ci_pp": {
          "lower": -0.6116207951070318,
          "upper": 5.5045871559633035,
          "level": 0.95,
          "method": "bootstrap_percentile_paired"
        },
        "bootstrap": {
          "n_resamples": 10000,
          "seed": 42,
          "confidence": 0.95,
          "resampling": "paired_by_sample_id",
          "interval": "percentile"
        }
      },
      "mcnemar_p": 0.16863754391670227
    }
  ],
  "pooled": {
    "variant": "mc1",
    "n_samples_total": 655,
    "n_folds": 2,
    "baseline": {
      "alpha": 0.0,
      "rate": 0.267176,
      "ci": {
        "lower": 0.23471833147159293,
        "upper": 0.30234783836850704,
        "level": 0.95,
        "method": "wilson"
      }
    },
    "intervened": {
      "alpha": 6.0,
      "rate": 0.267176,
      "ci": {
        "lower": 0.23471833147159293,
        "upper": 0.30234783836850704,
        "level": 0.95,
        "method": "wilson"
      }
    },
    "delta_pp": {
      "estimate_pp": 0.0,
      "ci_pp": {
        "lower": -1.9847328244274793,
        "upper": 1.984732824427482,
        "level": 0.95,
        "method": "bootstrap_percentile_paired"
      },
      "bootstrap": {
        "n_resamples": 10000,
        "seed": 42,
        "confidence": 0.95,
        "resampling": "paired_by_sample_id",
        "interval": "percentile"
      }
    },
    "mcnemar_p": 1.0
  }
}
