{
  "locked_alpha": 8.0,
  "locked_k": 8,
  "variant": "mc1",
  "folds": [
    {
      "fold": 0,
      "variant": "mc1",
      "n_samples": 328,
      "baseline": {
        "alpha": 0.0,
        "rate": 0.268293,
        "ci": {
          "lower": 0.22322839062293356,
          "upper": 0.31872154974864897,
          "level": 0.95,
          "method": "wilson"
        }
      },
      "intervened": {
        "alpha": 8.0,
        "rate": 0.289634,
        "ci": {
          "lower": 0.2432054169566122,
          "upper": 0.340933344696535,
          "level": 0.95,
          "method": "wilson"
        }
      },
      "delta_pp": {
        "estimate_pp": 2.1341463414634108,
        "ci_pp": {
          "lower": -1.2195121951219523,
          "upper": 5.48780487804878,
          "level": 0.95,
          "method": "bootstrap_percentile_paired"
        },
        "bootstrap": {
          "n_resamples": 10000,
          "seed": 42,
          "confidence": 0.95,
          "resampling": "paired_by_sample_id",
          "interval": "percentile"
        }
      },
      "mcnemar_p": 0.28104151505976915
    },
    {
      "fold": 1,
      "variant": "mc1",
      "n_samples": 327,
      "baseline": {
        "alpha": 0.0,
        "rate": 0.266055,
        "ci": {
          "lower": 0.22107770691759018,
          "upper": 0.3164651374847455,
          "level": 0.95,
          "method": "wilson"
        }
      },
      "intervened": {
        "alpha": 8.0,
        "rate": 0.299694,
        "ci": {
          "lower": 0.25259998911187226,
          "upper": 0.351439962631304,
          "level": 0.95,
          "method": "wilson"
        }
      },
      "delta_pp": {
        "estimate_pp": 3.3639143730886834,
        "ci_pp": {
          "lower": 0.0,
          "upper": 6.727828746177372,
          "level": 0.95,
          "method": "bootstrap_percentile_paired"
        },
        "bootstrap": {
          "n_resamples": 10000,
          "seed": 42,
          "confidence": 0.95,
          "resampling": "paired_by_sample_id",
          "interval": "percentile"
        }
      },
      "mcnemar_p": 0.08014331245794892
    }
  ],
  "pooled": {
    "variant": "mc1",
    "n_samples_total": 655,
    "n_folds": 2,
    "baseline": {
      "alpha": 0.0,
      "rate": 0.267176,
      "ci": {
        "lower": 0.23471833147159293,
        "upper": 0.30234783836850704,
        "level": 0.95,
        "method": "wilson"
      }
    },
    "intervened": {
      "alpha": 8.0,
      "rate": 0.294656,
      "ci": {
        "lower": 0.2610222286920764,
        "upper": 0.3306853112652577,
        "level": 0.95,
        "method": "wilson"
      }
    },
    "delta_pp": {
      "estimate_pp": 2.7480916030534375,
      "ci_pp": {
        "lower": 0.45801526717557106,
        "upper": 5.190839694656487,
        "level": 0.95,
        "method": "bootstrap_percentile_paired"
      },
      "bootstrap": {
        "n_resamples": 10000,
        "seed": 42,
        "confidence": 0.95,
        "resampling": "paired_by_sample_id",
        "interval": "percentile"
      }
    },
    "mcnemar_p": 0.0327657590988232
  }
}
