{
  "locked_alpha": 6.0,
  "locked_k": 40,
  "variant": "mc1",
  "folds": [
    {
      "fold": 0,
      "variant": "mc1",
      "n_samples": 328,
      "baseline": {
        "alpha": 0.0,
        "rate": 0.268293,
        "ci": {
          "lower": 0.22322839062293356,
          "upper": 0.31872154974864897,
          "level": 0.95,
          "method": "wilson"
        }
      },
      "intervened": {
        "alpha": 6.0,
        "rate": 0.243902,
        "ci": {
          "lower": 0.20056803910105317,
          "upper": 0.2931661055201696,
          "level": 0.95,
          "method": "wilson"
        }
      },
      "delta_pp": {
        "estimate_pp": -2.4390243902439046,
        "ci_pp": {
          "lower": -5.792682926829268,
          "upper": 0.9146341463414642,
          "level": 0.95,
          "method": "bootstrap_percentile_paired"
        },
        "bootstrap": {
          "n_resamples": 10000,
          "seed": 42,
          "confidence": 0.95,
          "resampling": "paired_by_sample_id",
          "interval": "percentile"
        }
      },
      "mcnemar_p": 0.21532714972272515
    },
    {
      "fold": 1,
      "variant": "mc1",
      "n_samples": 327,
      "baseline": {
        "alpha": 0.0,
        "rate": 0.266055,
        "ci": {
          "lower": 0.22107770691759018,
          "upper": 0.3164651374847455,
          "level": 0.95,
          "method": "wilson"
        }
      },
      "intervened": {
        "alpha": 6.0,
        "rate": 0.272171,
        "ci": {
          "lower": 0.22678429964874625,
          "upper": 0.3228489279064695,
          "level": 0.95,
          "method": "wilson"
        }
      },
      "delta_pp": {
        "estimate_pp": 0.6116207951070318,
        "ci_pp": {
          "lower": -2.7522935779816518,
          "upper": 3.975535168195718,
          "level": 0.95,
          "method": "bootstrap_percentile_paired"
        },
        "bootstrap": {
          "n_resamples": 10000,
          "seed": 42,
          "confidence": 0.95,
          "resampling": "paired_by_sample_id",
          "interval": "percentile"
        }
      },
      "mcnemar_p": 0.8555355519056321
    }
  ],
  "pooled": {
    "variant": "mc1",
    "n_samples_total": 655,
    "n_folds": 2,
    "baseline": {
      "alpha": 0.0,
      "rate": 0.267176,
      "ci": {
        "lower": 0.23471833147159293,
        "upper": 0.30234783836850704,
        "level": 0.95,
        "method": "wilson"
      }
    },
    "intervened": {
      "alpha": 6.0,
      "rate": 0.258015,
      "ci": {
        "lower": 0.2259863079820603,
        "upper": 0.29286607181896157,
        "level": 0.95,
        "method": "wilson"
      }
    },
    "delta_pp": {
      "estimate_pp": -0.9160305343511477,
      "ci_pp": {
        "lower": -3.358778625954198,
        "upper": 1.5267175572519054,
        "level": 0.95,
        "method": "bootstrap_percentile_paired"
      },
      "bootstrap": {
        "n_resamples": 10000,
        "seed": 42,
        "confidence": 0.95,
        "resampling": "paired_by_sample_id",
        "interval": "percentile"
      }
    },
    "mcnemar_p": 0.52577336017565
  }
}
