{
  "benchmark": "faitheval",
  "results": {
    "0.0": {
      "compliance_rate": 0.642,
      "n_compliant": 642,
      "n_total": 1000,
      "compliance": {
        "estimate": 0.642,
        "n_compliant": 642,
        "n_total": 1000,
        "ci": {
          "lower": 0.6117948042178514,
          "upper": 0.671118396372251,
          "level": 0.95,
          "method": "wilson"
        }
      },
      "parse_failures": 0,
      "parse_failure": {
        "estimate": 0.0,
        "count": 0,
        "n_total": 1000,
        "ci": {
          "lower": 2.1601063852437764e-19,
          "upper": 0.003826758485555124,
          "level": 0.95,
          "method": "wilson"
        }
      }
    },
    "0.5": {
      "compliance_rate": 0.654,
      "n_compliant": 654,
      "n_total": 1000,
      "compliance": {
        "estimate": 0.654,
        "n_compliant": 654,
        "n_total": 1000,
        "ci": {
          "lower": 0.6239780184885133,
          "upper": 0.6828433398979358,
          "level": 0.95,
          "method": "wilson"
        }
      },
      "parse_failures": 0,
      "parse_failure": {
        "estimate": 0.0,
        "count": 0,
        "n_total": 1000,
        "ci": {
          "lower": 2.1601063852437764e-19,
          "upper": 0.003826758485555124,
          "level": 0.95,
          "method": "wilson"
        }
      }
    },
    "1.0": {
      "compliance_rate": 0.66,
      "n_compliant": 660,
      "n_total": 1000,
      "compliance": {
        "estimate": 0.66,
        "n_compliant": 660,
        "n_total": 1000,
        "ci": {
          "lower": 0.6300773195897643,
          "upper": 0.6886981176948581,
          "level": 0.95,
          "method": "wilson"
        }
      },
      "parse_failures": 0,
      "parse_failure": {
        "estimate": 0.0,
        "count": 0,
        "n_total": 1000,
        "ci": {
          "lower": 2.1601063852437764e-19,
          "upper": 0.003826758485555124,
          "level": 0.95,
          "method": "wilson"
        }
      }
    },
    "1.5": {
      "compliance_rate": 0.67,
      "n_compliant": 670,
      "n_total": 1000,
      "compliance": {
        "estimate": 0.67,
        "n_compliant": 670,
        "n_total": 1000,
        "ci": {
          "lower": 0.6402544426353417,
          "upper": 0.6984444594795697,
          "level": 0.95,
          "method": "wilson"
        }
      },
      "parse_failures": 0,
      "parse_failure": {
        "estimate": 0.0,
        "count": 0,
        "n_total": 1000,
        "ci": {
          "lower": 2.1601063852437764e-19,
          "upper": 0.003826758485555124,
          "level": 0.95,
          "method": "wilson"
        }
      }
    },
    "2.0": {
      "compliance_rate": 0.682,
      "n_compliant": 682,
      "n_total": 1000,
      "compliance": {
        "estimate": 0.682,
        "n_compliant": 682,
        "n_total": 1000,
        "ci": {
          "lower": 0.6524865706462925,
          "upper": 0.7101204892649655,
          "level": 0.95,
          "method": "wilson"
        }
      },
      "parse_failures": 0,
      "parse_failure": {
        "estimate": 0.0,
        "count": 0,
        "n_total": 1000,
        "ci": {
          "lower": 2.1601063852437764e-19,
          "upper": 0.003826758485555124,
          "level": 0.95,
          "method": "wilson"
        }
      }
    },
    "2.5": {
      "compliance_rate": 0.695,
      "n_compliant": 695,
      "n_total": 1000,
      "compliance": {
        "estimate": 0.695,
        "n_compliant": 695,
        "n_total": 1000,
        "ci": {
          "lower": 0.6657628366716069,
          "upper": 0.7227447275190266,
          "level": 0.95,
          "method": "wilson"
        }
      },
      "parse_failures": 0,
      "parse_failure": {
        "estimate": 0.0,
        "count": 0,
        "n_total": 1000,
        "ci": {
          "lower": 2.1601063852437764e-19,
          "upper": 0.003826758485555124,
          "level": 0.95,
          "method": "wilson"
        }
      }
    },
    "3.0": {
      "compliance_rate": 0.705,
      "n_compliant": 705,
      "n_total": 1000,
      "compliance": {
        "estimate": 0.705,
        "n_compliant": 705,
        "n_total": 1000,
        "ci": {
          "lower": 0.6759934395775895,
          "upper": 0.7324375894433328,
          "level": 0.95,
          "method": "wilson"
        }
      },
      "parse_failures": 0,
      "parse_failure": {
        "estimate": 0.0,
        "count": 0,
        "n_total": 1000,
        "ci": {
          "lower": 2.1601063852437764e-19,
          "upper": 0.003826758485555124,
          "level": 0.95,
          "method": "wilson"
        }
      }
    }
  },
  "effects": {
    "compliance_curve": {
      "rates": [
        0.642,
        0.654,
        0.66,
        0.67,
        0.682,
        0.695,
        0.705
      ],
      "delta_0_to_max_pp": {
        "estimate": 6.2999999999999945,
        "ci": {
          "lower": 4.199999999999992,
          "upper": 8.499999999999996,
          "level": 0.95,
          "method": "bootstrap_percentile_paired"
        }
      },
      "slope_pp_per_alpha": {
        "estimate": 2.092857142857138,
        "ci": {
          "lower": 1.378571428571427,
          "upper": 2.8285714285714203,
          "level": 0.95,
          "method": "bootstrap_percentile_paired"
        }
      },
      "bootstrap": {
        "n_resamples": 10000,
        "seed": 42,
        "confidence": 0.95,
        "resampling": "paired_by_sample_id",
        "interval": "percentile"
      }
    },
    "parse_failure_curve": {
      "rates": [
        0.0,
        0.0,
        0.0,
        0.0,
        0.0,
        0.0,
        0.0
      ],
      "delta_0_to_max_pp": {
        "estimate": 0.0,
        "ci": {
          "lower": 0.0,
          "upper": 0.0,
          "level": 0.95,
          "method": "bootstrap_percentile_paired"
        }
      },
      "slope_pp_per_alpha": {
        "estimate": 0.0,
        "ci": {
          "lower": 0.0,
          "upper": 0.0,
          "level": 0.95,
          "method": "bootstrap_percentile_paired"
        }
      },
      "bootstrap": {
        "n_resamples": 10000,
        "seed": 42,
        "confidence": 0.95,
        "resampling": "paired_by_sample_id",
        "interval": "percentile"
      }
    }
  },
  "model": "google/gemma-3-4b-it",
  "classifier": "models/gemma3_4b_classifier.pkl",
  "n_h_neurons": 38
}
