{
  "benchmark": "jailbreak",
  "results": {
    "0.0": {
      "compliance_rate": 0.202,
      "n_compliant": 101,
      "n_total": 500,
      "compliance": {
        "estimate": 0.202,
        "n_compliant": 101,
        "n_total": 500,
        "ci": {
          "lower": 0.16914122067557874,
          "upper": 0.23940288623950642,
          "level": 0.95,
          "method": "wilson"
        }
      }
    },
    "0.5": {
      "compliance_rate": 0.238,
      "n_compliant": 119,
      "n_total": 500,
      "compliance": {
        "estimate": 0.238,
        "n_compliant": 119,
        "n_total": 500,
        "ci": {
          "lower": 0.20275901918079212,
          "upper": 0.2772361352210613,
          "level": 0.95,
          "method": "wilson"
        }
      }
    },
    "1.0": {
      "compliance_rate": 0.252,
      "n_compliant": 126,
      "n_total": 500,
      "compliance": {
        "estimate": 0.252,
        "n_compliant": 126,
        "n_total": 500,
        "ci": {
          "lower": 0.2159338483813719,
          "upper": 0.29184782448755814,
          "level": 0.95,
          "method": "wilson"
        }
      }
    },
    "1.5": {
      "compliance_rate": 0.286,
      "n_compliant": 143,
      "n_total": 500,
      "compliance": {
        "estimate": 0.286,
        "n_compliant": 143,
        "n_total": 500,
        "ci": {
          "lower": 0.24814005321609287,
          "upper": 0.3271231645014515,
          "level": 0.95,
          "method": "wilson"
        }
      }
    },
    "2.0": {
      "compliance_rate": 0.278,
      "n_compliant": 139,
      "n_total": 500,
      "compliance": {
        "estimate": 0.278,
        "n_compliant": 139,
        "n_total": 500,
        "ci": {
          "lower": 0.2405366075286252,
          "upper": 0.31884859963630413,
          "level": 0.95,
          "method": "wilson"
        }
      }
    },
    "2.5": {
      "compliance_rate": 0.282,
      "n_compliant": 141,
      "n_total": 500,
      "compliance": {
        "estimate": 0.282,
        "n_compliant": 141,
        "n_total": 500,
        "ci": {
          "lower": 0.24433643322724333,
          "upper": 0.3229877792139935,
          "level": 0.95,
          "method": "wilson"
        }
      }
    },
    "3.0": {
      "compliance_rate": 0.264,
      "n_compliant": 132,
      "n_total": 500,
      "compliance": {
        "estimate": 0.264,
        "n_compliant": 132,
        "n_total": 500,
        "ci": {
          "lower": 0.22726783141305193,
          "upper": 0.3043308572848008,
          "level": 0.95,
          "method": "wilson"
        }
      }
    }
  },
  "effects": {
    "compliance_curve": {
      "rates": [
        0.202,
        0.238,
        0.252,
        0.286,
        0.278,
        0.282,
        0.264
      ],
      "delta_0_to_max_pp": {
        "estimate": 6.2,
        "ci": {
          "lower": 2.3999999999999995,
          "upper": 10.0,
          "level": 0.95,
          "method": "bootstrap_percentile_paired"
        }
      },
      "slope_pp_per_alpha": {
        "estimate": 2.142857142857142,
        "ci": {
          "lower": 0.9142857142857146,
          "upper": 3.385714285714285,
          "level": 0.95,
          "method": "bootstrap_percentile_paired"
        }
      },
      "bootstrap": {
        "n_resamples": 10000,
        "seed": 42,
        "confidence": 0.95,
        "resampling": "paired_by_sample_id",
        "interval": "percentile"
      },
      "delta_noop_to_max_pp": {
        "estimate": 1.200000000000001,
        "noop_alpha": 1.0,
        "ci": {
          "lower": -2.200000000000002,
          "upper": 4.600000000000001,
          "level": 0.95,
          "method": "bootstrap_percentile_paired"
        }
      }
    }
  }
}
