{
  "benchmark": "falseqa",
  "results": {
    "0.0": {
      "compliance_rate": 0.6958,
      "n_compliant": 478,
      "n_total": 687,
      "compliance": {
        "estimate": 0.6957787481804949,
        "n_compliant": 478,
        "n_total": 687,
        "ci": {
          "lower": 0.6603653287351529,
          "upper": 0.7290148923928588,
          "level": 0.95,
          "method": "wilson"
        }
      }
    },
    "0.5": {
      "compliance_rate": 0.7132,
      "n_compliant": 490,
      "n_total": 687,
      "compliance": {
        "estimate": 0.7132459970887919,
        "n_compliant": 490,
        "n_total": 687,
        "ci": {
          "lower": 0.6783158398896676,
          "upper": 0.7458046240155645,
          "level": 0.95,
          "method": "wilson"
        }
      }
    },
    "1.0": {
      "compliance_rate": 0.7191,
      "n_compliant": 494,
      "n_total": 687,
      "compliance": {
        "estimate": 0.7190684133915575,
        "n_compliant": 494,
        "n_total": 687,
        "ci": {
          "lower": 0.6843127519042866,
          "upper": 0.7513877929266854,
          "level": 0.95,
          "method": "wilson"
        }
      }
    },
    "1.5": {
      "compliance_rate": 0.7118,
      "n_compliant": 489,
      "n_total": 687,
      "compliance": {
        "estimate": 0.7117903930131004,
        "n_compliant": 489,
        "n_total": 687,
        "ci": {
          "lower": 0.6768176764357159,
          "upper": 0.7444077672380811,
          "level": 0.95,
          "method": "wilson"
        }
      }
    },
    "2.0": {
      "compliance_rate": 0.7496,
      "n_compliant": 515,
      "n_total": 687,
      "compliance": {
        "estimate": 0.7496360989810772,
        "n_compliant": 515,
        "n_total": 687,
        "ci": {
          "lower": 0.7159131570489278,
          "upper": 0.7805828126421801,
          "level": 0.95,
          "method": "wilson"
        }
      }
    },
    "2.5": {
      "compliance_rate": 0.7394,
      "n_compliant": 508,
      "n_total": 687,
      "compliance": {
        "estimate": 0.7394468704512372,
        "n_compliant": 508,
        "n_total": 687,
        "ci": {
          "lower": 0.7053572497124094,
          "upper": 0.7708735783586531,
          "level": 0.95,
          "method": "wilson"
        }
      }
    },
    "3.0": {
      "compliance_rate": 0.7438,
      "n_compliant": 511,
      "n_total": 687,
      "compliance": {
        "estimate": 0.7438136826783115,
        "n_compliant": 511,
        "n_total": 687,
        "ci": {
          "lower": 0.7098783786207222,
          "upper": 0.7750375101446454,
          "level": 0.95,
          "method": "wilson"
        }
      }
    }
  },
  "effects": {
    "compliance_curve": {
      "rates": [
        0.6957787481804949,
        0.7132459970887919,
        0.7190684133915575,
        0.7117903930131004,
        0.7496360989810772,
        0.7394468704512372,
        0.7438136826783115
      ],
      "delta_0_to_max_pp": {
        "estimate": 4.8034934497816595,
        "ci": {
          "lower": 1.3100436681222738,
          "upper": 8.296943231441045,
          "level": 0.95,
          "method": "bootstrap_percentile_paired"
        }
      },
      "slope_pp_per_alpha": {
        "estimate": 1.6219588271989764,
        "ci": {
          "lower": 0.5198585984612105,
          "upper": 2.7448533998752174,
          "level": 0.95,
          "method": "bootstrap_percentile_paired"
        }
      },
      "bootstrap": {
        "n_resamples": 10000,
        "seed": 42,
        "confidence": 0.95,
        "resampling": "paired_by_sample_id",
        "interval": "percentile"
      }
    }
  }
}
