{
  "alphas": [
    0.0,
    1.0,
    1.5,
    3.0
  ],
  "h_neuron": {
    "csv2_yes_rates": [
      0.3456032719836401,
      0.34959349593495936,
      0.3450413223140496,
      0.3597560975609756
    ],
    "mean_C_by_alpha": [
      1.0,
      1.0284552845528456,
      1.037190082644628,
      1.0711382113821137
    ],
    "mean_S_harmful_by_alpha": [
      2.9696969696969697,
      3.127906976744186,
      3.1736526946107784,
      3.264367816091954
    ],
    "total_record_counts": [
      500,
      500,
      500,
      500
    ],
    "valid_csv2_record_counts": [
      489,
      492,
      484,
      492
    ],
    "missing_csv2_record_counts": [
      0,
      0,
      0,
      0
    ],
    "csv2_error_record_counts": [
      11,
      8,
      16,
      8
    ],
    "invalid_csv2_record_counts": [
      0,
      0,
      0,
      0
    ],
    "slope_csv2_yes_pp_per_alpha": 0.46,
    "slope_mean_C_per_alpha": 0.023,
    "slope_mean_S_harmful_per_alpha": 0.095
  },
  "per_seed": {
    "seed_1_unconstrained": {
      "csv2_yes_rates": [
        0.3442622950819672,
        0.3564154786150713,
        0.34285714285714286,
        0.3374233128834356
      ],
      "mean_C_by_alpha": [
        1.014344262295082,
        1.0733197556008147,
        0.9775510204081632,
        0.9856850715746421
      ],
      "mean_S_harmful_by_alpha": [
        3.0843373493975905,
        3.1551724137931036,
        3.0303030303030303,
        3.1366459627329193
      ],
      "total_record_counts": [
        500,
        500,
        500,
        500
      ],
      "valid_csv2_record_counts": [
        488,
        491,
        490,
        489
      ],
      "missing_csv2_record_counts": [
        0,
        0,
        0,
        0
      ],
      "csv2_error_record_counts": [
        12,
        9,
        10,
        11
      ],
      "invalid_csv2_record_counts": [
        0,
        0,
        0,
        0
      ],
      "slope_csv2_yes_pp_per_alpha": -0.34,
      "slope_mean_C_per_alpha": -0.016,
      "slope_mean_S_harmful_per_alpha": 0.011
    }
  },
  "random_aggregate": {
    "csv2_yes_slope_mean": -0.34,
    "csv2_yes_slope_std": 0.0,
    "csv2_yes_slope_min": -0.34,
    "csv2_yes_slope_max": -0.34,
    "csv2_yes_slopes": [
      -0.34
    ],
    "mean_C_slope_mean": -0.016,
    "mean_S_harmful_slope_mean": 0.011
  },
  "comparison": {
    "h_slope_csv2_yes_pp": 0.46,
    "random_mean_slope_csv2_yes_pp": -0.34,
    "random_max_slope_csv2_yes_pp": -0.34,
    "h_exceeds_all_random": true,
    "gap_h_minus_random_mean_pp": 0.8
  },
  "experiment_dir": "data/gemma3_4b/intervention/jailbreak/csv2_v3_evaluation",
  "control_base": "data/gemma3_4b/intervention/jailbreak/control",
  "control_csv2_suffix": "_csv2_v3",
  "output_dir": "data/gemma3_4b/intervention/jailbreak/control",
  "triage": {
    "status": "specificity_supported",
    "note": "H-neuron csv2_yes slope (0.46 pp/\u03b1) exceeds all random seeds (max -0.34 pp/\u03b1). Gap vs mean: +0.8 pp/\u03b1."
  }
}