{
  "accuracy": 0.7018867924528301,
  "precision": 0.6464924346629987,
  "recall": 0.888468809073724,
  "f1": 0.7484076433121019,
  "auroc": 0.829440475046191,
  "n_examples": 1060,
  "n_positive": 529,
  "n_negative": 531
}