{
  "accuracy": 0.6981651376146789,
  "precision": 0.6435246995994659,
  "recall": 0.8860294117647058,
  "f1": 0.745552977571539,
  "auroc": 0.8218830801551389,
  "n_examples": 1090,
  "n_positive": 544,
  "n_negative": 546
}