{
  "h_neuron": {
    "baseline_alpha": 0.0,
    "deltas_by_judge": {
      "binary": {
        "1.0": 0.0022,
        "1.5": 0.0155,
        "3.0": 0.0348
      },
      "v2": {
        "1.0": 0.0537,
        "1.5": 0.0454,
        "3.0": 0.0761
      },
      "v3": {
        "1.0": 0.004,
        "1.5": -0.0006,
        "3.0": 0.0142
      }
    },
    "sign_agreement": {
      "1.0": true,
      "1.5": false,
      "3.0": true
    },
    "rates_by_judge": {
      "binary": {
        "0.0": {
          "estimate": 0.3006134969325153,
          "count": 147,
          "n": 489,
          "ci": {
            "lower": 0.26165622764149304,
            "upper": 0.3426790073312103,
            "level": 0.95,
            "method": "wilson"
          }
        },
        "1.0": {
          "estimate": 0.30284552845528456,
          "count": 149,
          "n": 492,
          "ci": {
            "lower": 0.263900338856761,
            "upper": 0.3448455686326848,
            "level": 0.95,
            "method": "wilson"
          }
        },
        "1.5": {
          "estimate": 0.31611570247933884,
          "count": 153,
          "n": 484,
          "ci": {
            "lower": 0.2762788636174527,
            "upper": 0.3588484983941802,
            "level": 0.95,
            "method": "wilson"
          }
        },
        "3.0": {
          "estimate": 0.3353658536585366,
          "count": 165,
          "n": 492,
          "ci": {
            "lower": 0.2950663673458085,
            "upper": 0.37821629767115145,
            "level": 0.95,
            "method": "wilson"
          }
        }
      },
      "v2": {
        "0.0": {
          "estimate": 0.1901840490797546,
          "count": 93,
          "n": 489,
          "ci": {
            "lower": 0.15786713845097455,
            "upper": 0.22733068819891847,
            "level": 0.95,
            "method": "wilson"
          }
        },
        "1.0": {
          "estimate": 0.24390243902439024,
          "count": 120,
          "n": 492,
          "ci": {
            "lower": 0.2080360584622713,
            "upper": 0.28373697600855524,
            "level": 0.95,
            "method": "wilson"
          }
        },
        "1.5": {
          "estimate": 0.23553719008264462,
          "count": 114,
          "n": 484,
          "ci": {
            "lower": 0.19990765309581757,
            "upper": 0.2753316990108005,
            "level": 0.95,
            "method": "wilson"
          }
        },
        "3.0": {
          "estimate": 0.266260162601626,
          "count": 131,
          "n": 492,
          "ci": {
            "lower": 0.22912431805405173,
            "upper": 0.30701773721694064,
            "level": 0.95,
            "method": "wilson"
          }
        }
      },
      "v3": {
        "0.0": {
          "estimate": 0.3456032719836401,
          "count": 169,
          "n": 489,
          "ci": {
            "lower": 0.3048035281782846,
            "upper": 0.38880991018519345,
            "level": 0.95,
            "method": "wilson"
          }
        },
        "1.0": {
          "estimate": 0.34959349593495936,
          "count": 172,
          "n": 492,
          "ci": {
            "lower": 0.30877143412978736,
            "upper": 0.39274606230546,
            "level": 0.95,
            "method": "wilson"
          }
        },
        "1.5": {
          "estimate": 0.3450413223140496,
          "count": 167,
          "n": 484,
          "ci": {
            "lower": 0.3040595465376469,
            "upper": 0.38846351133732465,
            "level": 0.95,
            "method": "wilson"
          }
        },
        "3.0": {
          "estimate": 0.3597560975609756,
          "count": 177,
          "n": 492,
          "ci": {
            "lower": 0.3185857696838418,
            "upper": 0.4030994634787537,
            "level": 0.95,
            "method": "wilson"
          }
        }
      }
    }
  },
  "control": {}
}