{
  "schema_version": 1,
  "generated_at": "2026-03-17",
  "generated_by": "scripts/export_site_data.py",
  "model": "google/gemma-3-4b-it",
  "source_file": "data/gemma3_4b/classifier_disjoint_summary.json",
  "n_examples": 780,
  "n_positive": 389,
  "n_negative": 391,
  "selected_h_neurons": 38,
  "selected_ratio_per_mille": 0.1091452205882353,
  "metrics": {
    "accuracy": {
      "estimate": 0.7653846153846153,
      "ci": {
        "lower": 0.735897435897436,
        "upper": 0.7948717948717948,
        "level": 0.95,
        "method": "bootstrap_percentile_stratified"
      }
    },
    "precision": {
      "estimate": 0.7668393782383419,
      "ci": {
        "lower": 0.733502538071066,
        "upper": 0.8005653551218626,
        "level": 0.95,
        "method": "bootstrap_percentile_stratified"
      }
    },
    "recall": {
      "estimate": 0.7609254498714653,
      "ci": {
        "lower": 0.7172236503856041,
        "upper": 0.8046272493573264,
        "level": 0.95,
        "method": "bootstrap_percentile_stratified"
      }
    },
    "f1": {
      "estimate": 0.7638709677419355,
      "ci": {
        "lower": 0.7319587628865979,
        "upper": 0.794344473007712,
        "level": 0.95,
        "method": "bootstrap_percentile_stratified"
      }
    },
    "auroc": {
      "estimate": 0.842904950065418,
      "ci": {
        "lower": 0.8148766592811261,
        "upper": 0.8695129488030822,
        "level": 0.95,
        "method": "bootstrap_percentile_stratified"
      }
    }
  },
  "bootstrap": {
    "n_resamples": 10000,
    "seed": 42,
    "confidence": 0.95,
    "resampling": "stratified_by_label",
    "interval": "percentile"
  },
  "confusion_matrix": {
    "tp": 296,
    "tn": 301,
    "fp": 90,
    "fn": 93
  }
}
